{
    "answers": {
        "phase": "requirements specification",
        "action": "use case specification",
        "scope": "documentation (text)",
        "action experience": "none",
        "prog lang": "n/a",
        "other prog lang": "<fill in>",
        "tool": "other",
        "other tool": "postbot",
        "tool option": "free trial",
        "tool experience": "none",
        "time allocated (h)": "0.1",
        "time saved estimate (h)": "1", 
        "quality of ai help": "minor modifications needed",
        "generic feeling": "needs work",
        "notes": "<fill in>"
    }
}